Tiempo,Posicion_Y,Velocidad_Y,Velocidad_Ruedas,Fuerza_Ruedas
0.09351158142089844,0.010206050426018486,0.11230548308578654,10,0
0.1869649887084961,0.020578179239534786,0.11382173328291884,10,0
0.27187061309814453,0.030580747344786843,0.11466874467388649,10,0
0.3611781597137451,0.04062981913964286,0.11491124501076444,10,0
0.4461629390716553,0.05067202864760723,0.11454036293628425,10,0
0.45464611053466797,0.06221553762177444,1.7106892051352331,10,0
0.46315646171569824,0.07723136816597787,1.8265530400618726,10,0
0.47164273262023926,0.09282957472590184,1.88546575989885,10,0
0.480144739151001,0.10870051462894303,1.9063716695119908,10,0
0.488710880279541,0.12453819982583345,1.8993490508191002,10,0
0.49721360206604004,0.14037689340152595,1.8987336030294617,10,0
0.5057148933410645,0.15612617696293005,1.8837332904561566,10,0
0.5142214298248291,0.17181721352252344,1.881633964886151,10,0
0.522740364074707,0.1874390274608084,1.870134047506357,10,0
0.531247615814209,0.20299300563087228,1.8652753306062968,10,0
0.5397498607635498,0.21850106370254452,1.859013463530648,10,0
0.5482532978057861,0.2339647818111768,1.8545398225379341,10,0
0.5567398071289062,0.24937767025330498,1.846718311582142,10,0
0.5652461051940918,0.2647412261427937,1.84261185441087,10,0
0.5737307071685791,0.2799320476175124,1.8231574653245433,10,0
0.582233190536499,0.29500362215357273,1.7888979353451828,10,0
0.5907175540924072,0.3099104792017746,1.7924617908492828,10,0
0.599184513092041,0.32485386456849197,1.792005324583147,10,0
0.607698917388916,0.33974489262502966,1.7892041770474993,10,0
0.616255521774292,0.35466692675655,1.7900063085917666,10,0
0.6247406005859375,0.3695415825672723,1.7843550234364676,10,0
0.6332449913024902,0.3844411028073177,1.7882034614824525,10,0
0.6417689323425293,0.4067471191324547,1.7830395753980346,10,0
0.6502704620361328,0.42162447883673804,1.7851659662341155,10,0
0.6587533950805664,0.43645371239413616,1.7767242753294856,10,0
0.6672666072845459,0.4513008531780588,1.7828116302460792,10,0
0.6757643222808838,0.4661481333415285,1.7813546710677224,10,0
0.6843619346618652,0.48096379867252725,1.780163781719053,10,0
0.6928558349609375,0.4958173601779367,1.7823985277502519,10,0
0.7013797760009766,0.5106420421440249,1.7761983924440201,10,0
0.7098574638366699,0.5254978252592624,1.7843359484473604,10,0
0.7183926105499268,0.5403725112235481,1.7841087201374652,10,0
0.7268743515014648,0.555217409122929,1.7839168702100743,10,0
0.7353978157043457,0.5701004869987796,1.7858868758555202,10,0
0.7438774108886719,0.5849447896556675,1.779412946955545,10,0
0.752394437789917,0.5998209749990189,1.7863947207498814,10,0
0.7608668804168701,0.6146909529293124,1.7827784540422476,10,0
0.7693464756011963,0.6295473299415747,1.7853357931875167,10,0
0.7778177261352539,0.6444360024819049,1.786133668052396,10,0
0.7863333225250244,0.6592880348527554,1.7827221620584561,10,0
0.7948036193847656,0.6741806978955223,1.7875305363841691,10,0
0.803281307220459,0.689045240711925,1.7819243879171143,10,0
0.8117873668670654,0.7039250563555243,1.787028298624902,10,0
0.8202857971191406,0.7188003007976321,1.7833240179938434,10,0
0.828754186630249,0.7336599833959725,1.7856473013932703,10,0
0.8372745513916016,0.7485493966310947,1.7860460963129907,10,0
0.8457434177398682,0.7634162146232459,1.7826277750600652,10,0
0.8543930053710938,0.7857437859947326,1.7848630210216747,10,0
0.8628621101379395,0.8006111383947355,1.7839341821312626,10,0
0.8713746070861816,0.8155001984200084,1.7865689564657605,10,0
0.87984299659729,0.8303481759750463,1.780292131749313,10,0
0.8882834911346436,0.8452338087493109,1.787233666633469,10,0
0.8967530727386475,0.8601156655515614,1.7855087212879366,10,0
0.9052903652191162,0.8749837613475475,1.7862351349527292,10,0
0.9137570858001709,0.8898694327185783,1.7852710807906143,10,0
0.9222779273986816,0.9047311414094039,1.7834298755063536,10,0
0.9307465553283691,0.9196208394056351,1.7868523008130177,10,0
0.9392883777618408,0.9344688499552543,1.7795321156227992,10,0
0.9477567672729492,0.9493535176412377,1.7873436608598916,10,0
0.9562702178955078,0.964237004447471,1.7853188241381566,10,0
0.9647784233093262,0.9790983370991732,1.7856498685578999,10,0
0.9732780456542969,0.9939847703414582,1.785580682058762,10,0
0.9817845821380615,1.0088432564469116,1.7828639562972033,10,0
0.9902729988098145,1.0237339709690665,1.7872041856736351,10,0
0.9987385272979736,1.0385930303387294,1.781415334257285,10,0
1.0072276592254639,1.0534730677763318,1.7870148372917978,10,0
1.0156936645507812,1.0683492443910891,1.783520204099015,10,0
1.0242137908935547,1.08320394252403,1.785076595786566,10,0
1.032691478729248,1.0980912110861007,1.7859451493347647,10,0
1.0412192344665527,1.1129548339212416,1.7820413992877067,10,0
1.0496869087219238,1.1278441345965844,1.7872471038771829,10,0
1.0582070350646973,1.1427132812985632,1.7834883517805313,10,0
1.066791296005249,1.1650361839079406,1.7870363584163564,10,0
1.0752654075622559,1.1798835904127036,1.7792378466738887,10,0
1.083735704421997,1.1947657186502088,1.78703182589756,10,0
1.092254877090454,1.2096480008951505,1.7853621154132406,10,0
1.1007673740386963,1.2245124057378542,1.786008651630767,10,0
1.109266757965088,1.2394013706689797,1.7858584265508166,10,0
1.1177353858947754,1.254259690378318,1.7827597461384979,10,0
1.1262803077697754,1.2691490552620381,1.7870202433437883,10,0
1.1347498893737793,1.2840091574759884,1.7818691159155322,10,0
1.143230676651001,1.2988899721099483,1.787086413667044,10,0
1.151716709136963,1.3137658454495418,1.7834170162956597,10,0
1.1602387428283691,1.3286231373053905,1.785359346426211,10,0
1.1687252521514893,1.3435121095951417,1.786093814797006,10,0
1.177236795425415,1.3583648967434772,1.7818730319820302,10,0
1.1857316493988037,1.3732523626862694,1.7870141845393748,10,0
1.194258689880371,1.3881137371788874,1.7817780328633197,10,0
1.2027432918548584,1.4029904409637735,1.7868187509416387,10,0
1.211258888244629,1.417869816427,1.7840707098068669,10,0
1.21974778175354,1.4327212194887087,1.784880431525109,10,0
1.2282652854919434,1.4476118712419594,1.7865532318607011,10,0
1.2367467880249023,1.4624731621531404,1.7811744985312623,10,0
1.2452685832977295,1.4773600872759924,1.7871511615585867,10,0
1.2537848949432373,1.4922376259152377,1.7849904417024376,10,0
1.262294054031372,1.5071123582990977,1.7867862816179878,10,0
1.2707839012145996,1.5219965265663835,1.784881207277256,10,0
1.2751054763793945,1.5368651645591833,1.784220118347837,10,0
1.2835721969604492,1.5517548835091217,1.7865935858612036,10,0
1.2920911312103271,1.5666041537783608,1.7805768932147712,10,0
1.300595998764038,1.5814907486299805,1.7872942558593792,10,0
1.3091130256652832,1.5963722152907578,1.7854362698446147,10,0
1.317582130432129,1.611241102966483,1.7862774118840634,10,0
1.3261034488677979,1.6261258303453692,1.7851143731024006,10,0
1.334573745727539,1.6409871150573783,1.7834745314977876,10,0
1.3430612087249756,1.6558759681604245,1.786702516336434,10,0
1.3515033721923828,1.6707228412491393,1.779546563672585,10,0
1.3599884510040283,1.6856064620550173,1.7871706326338168,10,0
1.368506908416748,1.7004886572713338,1.7852890552670027,10,0
1.3769922256469727,1.7153526628652032,1.7859225857704022,10,0
1.3855297565460205,1.730240095072693,1.7856485824786008,10,0
1.3940370082855225,1.7450979074357054,1.7828772168828553,10,0
1.402519702911377,1.7599873713575043,1.7869974379925855,10,0
1.410999059677124,1.7748345502079275,1.7788603594207535,10,0
1.419478178024292,1.7897170158025488,1.7872384660930034,10,0
1.4279563426971436,1.8045963244537502,1.784140118623248,10,0
1.4364769458770752,1.8194536732900688,1.7853321196031129,10,0
1.444953203201294,1.8343416052085435,1.7859713619817064,10,0
1.4534766674041748,1.8492069732459748,1.782345352262088,10,0
1.4619481563568115,1.8640970944336064,1.7872767421925866,10,0
1.4704680442810059,1.8789635733982737,1.7828614988719909,10,0
1.478940725326538,1.8938412946606493,1.7868819119623955,10,0
1.4874677658081055,1.9087197126164221,1.7838970051657814,10,0
1.491818904876709,1.9235702693662018,1.7847232333614365,10,0
1.5003209114074707,1.938458181503467,1.7861580395910661,10,0
1.508805513381958,1.9533172986763259,1.7814677627968236,10,0
1.5172333717346191,1.9682054984509763,1.7872569268753329,10,0
1.525719404220581,1.9830832242465601,1.7850130548342935,10,0
1.534226894378662,1.9979573795902683,1.7866771276174,10,0
1.5427086353302002,2.0128395137037547,1.784558386291953,10,0
1.5511815547943115,2.027700654192487,1.784301719127633,10,0
1.5596652030944824,2.042590300067328,1.7865539482434605,10,0
1.5682258605957031,2.05743999090481,1.780850789134599,10,0
1.576723337173462,2.072328138065432,1.7874571343846655,10,0
1.585240364074707,2.0872081964308076,1.7849985917882232,10,0
1.593721628189087,2.1020767287847657,1.786206976812472,10,0
1.6023240089416504,2.1169594668939222,1.7847614683808282,10,0
1.6108121871948242,2.131821331368977,1.783870646763185,10,0
1.619304895401001,2.1467126005405706,1.7869557090725325,10,0
1.6277852058410645,2.1615610236122396,1.779739257834407,10,0
1.636279821395874,2.1764451925519226,1.7871905009078257,10,0
1.6447570323944092,2.1913280649340776,1.7855059003729978,10,0
1.6532783508300781,2.20619071190832,1.785719112191242,10,0
1.6617555618286133,2.2210753830289858,1.7852768016961271,10,0
1.6702888011932373,2.235934267033516,1.7831238802542835,10,0
1.6787619590759277,2.250824837437581,1.7870918015336028,10,0
1.6872479915618896,2.2656721035090728,1.7788666087675173,10,0
1.6957197189331055,2.2805532380034124,1.7870500742253879,10,0
1.7043848037719727,2.30284579590579,1.7803667874668179,10,0
1.7128570079803467,2.3177305855055024,1.7870891924813745,10,0
1.7212989330291748,2.332603854222469,1.7835760342992961,10,0
1.7297794818878174,2.3474740420895057,1.786463256871612,10,0
1.7382800579071045,2.3623613000149275,1.785471806108584,10,0
1.746755599975586,2.3772182216585094,1.7835875346451677,10,0
1.7552754878997803,2.3921082880042883,1.7868472918610099,10,0
1.7637450695037842,2.4069563836314893,1.7797051446465055,10,0
1.7722830772399902,2.421841050751419,1.7872742905628334,10,0
1.7807605266571045,2.436723974700711,1.7854362603934923,10,0
1.789280891418457,2.4515888475600316,1.7859874182623925,10,0
1.7977843284606934,2.466475898858055,1.7856002231008672,10,0
1.8062758445739746,2.481342326280633,1.782972199017702,10,0
1.8147437572479248,2.4962310802393275,1.7868457151673487,10,0
1.8232378959655762,2.511076979247058,1.7788575826952615,10,0
1.8317058086395264,2.525958778397034,1.7871076329564268,10,0
1.8402390480041504,2.5408357983581125,1.783872555185392,10,0
1.8487062454223633,2.5556961675555097,1.785631509944857,10,0
1.8572332859039307,2.570584784161829,1.7859344194921378,10,0
1.86570143699646,2.5854400878235877,1.7823764635266883,10,0
1.874232292175293,2.6003289926214563,1.7870745247929725,10,0
1.882699728012085,2.6151890392304176,1.7815765198986984,10,0
1.8912250995635986,2.6300693821961456,1.7871414866811117,10,0
1.89973783493042,2.644948550453659,1.783924107767996,10,0
1.908261775970459,2.6598017772512454,1.784982542999468,10,0
1.912670612335205,2.674690472942017,1.7861971592067136,10,0
1.9211950302124023,2.689552512578916,1.78177379817004,10,0
1.9296660423278809,2.704441622135414,1.7872991473460635,10,0
1.9381847381591797,2.7193185208133683,1.784913762022985,10,0
1.946655035018921,2.734193559843641,1.7867119783722578,10,0
1.9551784992218018,2.7490745924797335,1.784397733483953,10,0
1.9636485576629639,2.7639207593977493,1.784350776793404,10,0
1.9721684455871582,2.7788093248683796,1.786394836741923,10,0
1.980637788772583,2.7936700536765944,1.7808885055326853,10,0
1.9891555309295654,2.8085571528079467,1.787279491247064,10,0
1.9976601600646973,2.8234295289133575,1.783518226540483,10,0
2.0061895847320557,2.83830071456506,1.7864658635307167,10,0
2.0146572589874268,2.853184764597559,1.7849316322192117,10,0
2.0231773853302,2.8680401156043915,1.78387545548616,10,0
2.031644821166992,2.882929947841167,1.786726665106754,10,0
2.0401761531829834,2.897778938496277,1.780206554682358,10,0
2.048644542694092,2.9126655848250285,1.787438926571871,10,0
2.0571727752685547,2.927539861302388,1.7834001042254726,10,0
2.0656394958496094,2.942404906484547,1.785942648725139,10,0
2.0741608142852783,2.9572899983102605,1.7852733617893006,10,0
2.082627296447754,2.972146424577657,1.783385473224885,10,0
2.091146945953369,2.9870375723878566,1.7870979734996586,10,0
2.0996615886688232,3.001884939893007,1.7790316958962176,10,0
2.1081883907318115,3.0167671435321304,1.7871111554729664,10,0
2.1166558265686035,3.031651636180725,1.7856622033476321,10,0
2.1210405826568604,3.046510486613981,1.7854192025246636,10,0
2.129507064819336,3.0613964918177947,1.7855911542343992,10,0
2.137991189956665,3.0762542038699574,1.78260817993827,10,0
2.1464967727661133,3.0911442941491067,1.787185677799123,10,0
2.154977321624756,3.106006733998647,1.7821135882159886,10,0
2.1634507179260254,3.120886329107188,1.7870196872195778,10,0
2.17193341255188,3.1357636158684397,1.7836663255466638,10,0
2.180436611175537,3.1506178541504926,1.7850697749432105,10,0
2.1889171600341797,3.165506247143828,1.7860928374287164,10,0
2.197453498840332,3.1803602562125053,1.7820592227091963,10,0
2.2059476375579834,3.1952509906391495,1.787475019589144,10,0
2.2144532203674316,3.210116854219423,1.7822622364994285,10,0
2.222947835922241,3.224991483354852,1.7866317763813042,10,0
2.2314517498016357,3.239870802093958,1.7841242396774464,10,0
2.23994517326355,3.2547204204487903,1.7847261122310152,10,0
2.248450517654419,3.2696112728530116,1.786634369566315,10,0
2.256941795349121,3.2844720237554728,1.7810475907113557,10,0
2.2654480934143066,3.2993594959962538,1.7872857665476234,10,0
2.2739391326904297,3.314232329107679,1.783753890365475,10,0
2.2824504375457764,3.3291019022482473,1.786237688074152,10,0
2.290940761566162,3.3439831428249955,1.7845603913327077,10,0
2.299410343170166,3.358840126128198,1.784093637134216,10,0
2.3078980445861816,3.3737308990309685,1.786799096328018,10,0
2.316411018371582,3.3885801835970795,1.780208349312494,10,0
2.3248982429504395,3.4034658980909476,1.787277087410874,10,0
2.333524465560913,3.4257728358235653,1.781833162080557,10,0
2.3420088291168213,3.440660990320435,1.7871324907198405,10,0
2.350497007369995,3.455529430008305,1.7834135626848242,10,0
2.3589792251586914,3.4704072468936826,1.7869867171719862,10,0
2.3674862384796143,3.485288795750629,1.7843607125304162,10,0
2.3759756088256836,3.500137775636369,1.784620292632938,10,0
2.3844845294952393,3.5150270878028764,1.7864163343904091,10,0
2.392970561981201,3.5298876475683367,1.7811990771077395,10,0
2.401486873626709,3.544775745485527,1.7873374811774458,10,0
2.409975051879883,3.559645753814096,1.7830695572983273,10,0
2.418492317199707,3.574517818744829,1.7865078529320848,10,0
2.4269745349884033,3.589400693105542,1.7847394625070174,10,0
2.435476064682007,3.604258117409531,1.783911429782984,10,0
2.4439616203308105,3.6191469405240007,1.786544880446467,10,0
2.4524805545806885,3.6339947138830975,1.7802296502403374,10,0
2.460968255996704,3.648880226722986,1.787249299492979,10,0
2.469489097595215,3.663751227419962,1.782889953554479,10,0
2.477966070175171,3.678618912032626,1.7862079421426147,10,0
2.486483335494995,3.6935048487208144,1.785313235712792,10,0
2.4949593544006348,3.7083610045184545,1.7833876661714054,10,0
2.5034821033477783,3.723250812256067,1.7868831082944499,10,0
2.5119545459747314,3.7380988457210136,1.7795017405815623,10,0
2.5204873085021973,3.7529835164762866,1.7873460579116909,10,0
2.528960704803467,3.767868651819922,1.785691506762692,10,0
2.5374786853790283,3.7827300912220494,1.7856648234662447,10,0
2.541858196258545,3.797616454279228,1.7855619061700154,10,0
2.550363540649414,3.8124775909560995,1.7829022747267922,10,0
2.5588488578796387,3.8273683835624777,1.7872001565660127,10,0
2.567316770553589,3.8422291031762716,1.7818417912575044,10,0
2.575798749923706,3.8571093615605028,1.787028007812842,10,0
2.584278106689453,3.871985236598707,1.7834651179902383,10,0
2.592761754989624,3.8868403605081374,1.785112426196253,10,0
2.6012332439422607,3.9017274794033985,1.7859099607162165,10,0
2.609715700149536,3.916591474245933,1.7820955395377938,10,0
2.618243932723999,3.9314808366032064,1.7872386299246719,10,0
2.6267271041870117,3.9463497674906476,1.7834616263095344,10,0
2.6352500915527344,3.9612268498385217,1.786871884579018,10,0
2.6437511444091797,3.9761065313977966,1.7840999028110562,10,0
2.6522772312164307,3.990956569750749,1.7847112579567117,10,0
2.660768985748291,4.005845753167072,1.7863656460965192,10,0
2.669280529022217,4.020707517299602,1.7814983860041844,10,0
2.6777591705322266,4.035597204720425,1.7874922541189104,10,0
2.686277151107788,4.050468344313303,1.7832449932686139,10,0
2.6947555541992188,4.065340196933886,1.7864439583735623,10,0
2.7032554149627686,4.080221577862801,1.7845197051475756,10,0
2.7117326259613037,4.095080479726535,1.7843222995310775,10,0
2.7202811241149902,4.109971619467456,1.786778033593792,10,0
2.7287535667419434,4.124820879536643,1.7804416037486421,10,0
2.737281322479248,4.139706921560815,1.7872634055397054,10,0
2.7457542419433594,4.154577142545544,1.7827848268508777,10,0
2.7501838207244873,4.169443445627747,1.7859967917506736,10,0
2.758669853210449,4.184326475861015,1.784917984061807,10,0
2.7671449184417725,4.1991824393662585,1.783628598535489,10,0
2.7756290435791016,4.2140732784812185,1.786968062623974,10,0
2.78409743309021,4.228921361718276,1.7795096447675667,10,0
2.792581081390381,4.243805199163123,1.7872112659011905,10,0
2.8010926246643066,4.258688893605031,1.7855529174631297,10,0
2.8095765113830566,4.273551226466341,1.7857360380376197,10,0
2.818061113357544,4.288437328824607,1.7854994373850681,10,0
2.8265116214752197,4.303299671539921,1.7831784556305674,10,0
2.834989070892334,4.318191863853939,1.7873322630888777,10,0
2.843477725982666,4.333053470884168,1.7819917846295135,10,0
2.8519651889801025,4.347933321842702,1.786941731617631,10,0
2.8604891300201416,4.362807497207167,1.7832229999052776,10,0
2.8689799308776855,4.377666207110076,1.7854975180477894,10,0
2.877502679824829,4.39255544018075,1.7861188342647263,10,0
2.8859894275665283,4.407421171400966,1.7822847198499983,10,0
2.8945045471191406,4.422310812992952,1.7872227895734154,10,0
2.9029862880706787,4.437179084629204,1.7834633129899007,10,0
2.9115071296691895,4.452054533374336,1.7866310423922698,10,0
2.9200284481048584,4.466931076027622,1.7836806831479235,10,0
2.9285080432891846,4.481783246508868,1.7849285794529168,10,0
2.9369900226593018,4.496673212985958,1.7864165824727074,10,0
2.9455013275146484,4.511535124260673,1.7814829098258909,10,0
2.9540252685546875,4.526423783661061,1.7873333522735522,10,0
2.962698459625244,4.54129378771336,1.7829210231661194,10,0
2.9669344425201416,4.556166346988249,1.7864932028072167,10,0
2.975458860397339,4.571047246948785,1.7844248897495623,10,0
2.9839446544647217,4.585894850457373,1.784521586705518,10,0
2.9924676418304443,4.600786453363095,1.78677736196278,10,0
3.000974655151367,4.615640989527664,1.7803320861449001,10,0
3.009504795074463,4.630525992909582,1.78714214268368,10,0
3.017976999282837,4.645392565883892,1.78205532554138,10,0
3.026496648788452,4.660261074352715,1.786233598620124,10,0
3.0349740982055664,4.675514833551644,1.8161795457223542,10,0
3.043468952178955,4.690381651885869,1.7760796187012646,10,0
3.0519590377807617,4.705132256483023,1.768275305562072,10,0
3.0604801177978516,4.719771504109104,1.7543601376484823,10,0
3.0689752101898193,4.734462862915345,1.7652879769343675,10,0
3.0775046348571777,4.749176495649527,1.7646303853118812,10,0
3.085989475250244,4.763771309004762,1.7488504406498422,10,0
3.0945076942443848,4.778368493100071,1.7525016213719895,10,0
3.10299015045166,4.792947641353774,1.74698779638453,10,0
3.1115026473999023,4.807441749583875,1.7372654098062617,10,0
3.120025396347046,4.8219550475881325,1.7422677844999763,10,0
3.1285040378570557,4.836418666218106,1.7300858728717587,10,0
3.136986017227173,4.850793322807944,1.7271428920916914,10,0
3.1455135345458984,4.865202659288504,1.7291450730234297,10,0
3.153995990753174,4.879522066745576,1.7155292997543383,10,0
3.1624948978424072,4.8938021977150035,1.7151384468546258,10,0
3.166856050491333,4.9081071155937925,1.716787659527831,10,0
3.175379991531372,4.922322830051654,1.7023398948262838,10,0
3.1838595867156982,4.936514699230236,1.7043231068128786,10,0
3.1923744678497314,4.950703976523975,1.699237164722183,10,0
3.2008442878723145,4.96478699127087,1.688320432333885,10,0
3.2093639373779297,4.978893469443617,1.693637484991938,10,0
3.2178337574005127,4.993025313829665,1.6987779901638032,10,0
3.226316213607788,5.007127870584947,1.6770691496106342,10,0
3.2348077297210693,5.021134484032981,1.6820515417833855,10,0
3.2432632446289062,5.035107372617088,1.6785677603890343,10,0
3.2517573833465576,5.048994042011394,1.6681007024569567,10,0
3.2602639198303223,5.062906401349746,1.66919758100833,10,0
3.268754482269287,5.076885224961649,1.6814394446531518,10,0
3.277268648147583,5.090676231860501,1.6564101904471094,10,0
3.285755157470703,5.1044567776414675,1.6498254411420163,10,0
3.294271230697632,5.118148429868424,1.640342378560252,10,0
3.30275559425354,5.131857933079468,1.6461346960622696,10,0
3.311229705810547,5.145537643140734,1.637280800386669,10,0
3.3197128772735596,5.159143118807244,1.6319272521537385,10,0
3.3281986713409424,5.172772834525096,1.6360067153588784,10,0
3.3366806507110596,5.186376217918808,1.6303714573718933,10,0
3.345165252685547,5.199863858937787,1.6204474868340286,10,0
3.353658437728882,5.213347107261799,1.6135287357202233,10,0
3.362169027328491,5.226730363537013,1.6003977746135005,10,0
3.37065052986145,5.239880355615445,1.5638553342470254,10,0
3.37916898727417,5.252471791941649,1.4944335278436394,10,0
3.383484363555908,5.264731242208704,1.4666793362632848,10,0
3.391979932785034,5.276874432582342,1.4546435337474364,10,0
3.4004874229431152,5.288876105873398,1.435883197717817,10,0
3.4089787006378174,5.300751089747862,1.421029745103181,10,0
3.4174814224243164,5.312527843732386,1.4093943452368975,10,0
3.425968647003174,5.324187687479848,1.3953723783115761,10,0
3.434476613998413,5.335778929965036,1.3905262881858869,10,0
3.442965507507324,5.34728986772127,1.3786369253447066,10,0
3.4514358043670654,5.358714235858706,1.3694576167440091,10,0
3.4599239826202393,5.370096347547902,1.3627092985295084,10,0
3.468440532684326,5.381392986251472,1.3536821705721294,10,0
3.4769246578216553,5.392639733175008,1.3492465999734682,10,0
3.4854681491851807,5.403804516663027,1.3369907233975427,10,0
3.493964910507202,5.414876384495691,1.32700930098234,10,0
3.5025017261505127,5.4258565521470885,1.3148100245358387,10,0
3.5109853744506836,5.4367399046336535,1.3042141073772187,10,0
3.519512176513672,5.44757798129468,1.2974798417668674,10,0
3.527998685836792,5.458322491931624,1.2863002986140524,10,0
3.536517381668091,5.469017689585614,1.2832223817220694,10,0
3.5449929237365723,5.479635972497469,1.2715729292433193,10,0
3.553513765335083,5.490186534502894,1.2643462365690212,10,0
3.5619850158691406,5.500638867358421,1.2512848181125324,10,0
3.570523262023926,5.510988720173692,1.2401498755124223,10,0
3.578993082046509,5.5212905136179575,1.2327753371710795,10,0
3.587480068206787,5.531500174416575,1.2231507325511493,10,0
3.5917680263519287,5.5416324483998505,1.2121166310512141,10,0
3.600231170654297,5.55164938877778,1.1982253693469416,10,0
3.612947940826416,5.566547993540388,1.1867740328557532,10,0
3.621473789215088,5.576710134540901,1.2388829193662911,10,0
3.629946231842041,5.5872909980069,1.2846509213055646,10,0
3.6384661197662354,5.598148263291185,1.302458378958614,10,0
3.646935224533081,5.608982749741467,1.2999493461266922,10,0
3.655466079711914,5.619948379245924,1.3174640503645225,10,0
3.6639349460601807,5.630866236028838,1.308844407169829,10,0
3.672457218170166,5.641817775749867,1.3199019773571254,10,0
3.680928945541382,5.65279500042068,1.31375671348919,10,0
3.6894562244415283,5.6637662244133,1.3225102334382939,10,0
3.697925329208374,5.674759443045788,1.3152235580263665,10,0
3.7064685821533203,5.685682281986204,1.310365731553842,10,0
3.7149362564086914,5.69664907803278,1.3148343670876106,10,0
3.723433256149292,5.707533343538925,1.3044420997124562,10,0
3.731900215148926,5.718403941975664,1.3048871014056391,10,0
3.7404232025146484,5.7292431932331676,1.2971684469083018,10,0
3.7488901615142822,5.740011326541495,1.2904339822641229,10,0
3.757417917251587,5.750779453094411,1.2896903818224845,10,0
3.7658848762512207,5.761492878159613,1.2853451696785023,10,0
3.7744085788726807,5.772264109133466,1.294487216537209,10,0
3.7828762531280518,5.782990294118953,1.285585855187569,10,0
3.7914011478424072,5.793750219734239,1.2971622938119167,10,0
3.7999489307403564,5.804545361529028,1.29200581543757,10,0
3.8043200969696045,5.815284609466159,1.2885276240480035,10,0
3.8127925395965576,5.826117417144229,1.300261145523257,10,0
3.8212838172912598,5.836877633423325,1.2895211505198787,10,0
3.8297536373138428,5.847728134288279,1.3025273394335595,10,0
3.838273286819458,5.858499474114249,1.290513340641422,10,0
3.8467419147491455,5.869261208158652,1.2930178256757838,10,0
3.8552281856536865,5.880005098708452,1.285762158259307,10,0
3.863697052001953,5.890691035827509,1.2821255446399846,10,0
3.8722195625305176,5.901428528059174,1.288570101052283,10,0
3.8806967735290527,5.9120950401806125,1.2783937526979394,10,0
3.889221429824829,5.922786545988034,1.285089055966412,10,0
3.8976900577545166,5.93342530429594,1.2747239774876449,10,0
3.9062323570251465,5.944051361314462,1.2761171329933612,10,0
3.914707899093628,5.954690806875995,1.2738173597730609,10,0
3.9232592582702637,5.965278947577885,1.2703984993587043,10,0
3.9317281246185303,5.975972180377476,1.2840318713643353,10,0
3.940258741378784,5.986601853323294,1.2739840054365967,10,0
3.948726177215576,5.997260701845615,1.2844940939010996,10,0
3.957265615463257,6.007939472193009,1.277827153426038,10,0
3.965733289718628,6.018611356074143,1.2867696145349106,10,0
3.9742608070373535,6.029309766860647,1.2798284747262676,10,0
3.982727289199829,6.039937750318862,1.2749977434240831,10,0
3.9912185668945312,6.05059608339545,1.2787350472215822,10,0
3.9996862411499023,6.06118069167899,1.2685385806110754,10,0
4.008212327957153,6.071771442220403,1.2735948224025768,10,0
4.016787052154541,6.087621418403568,1.263551173136684,10,0
4.025265693664551,6.0981913255839615,1.2704939218749007,10,0
4.0337347984313965,6.1087098149313634,1.2603035796963156,10,0
4.042247295379639,6.119221338158073,1.2630034321476094,10,0
4.050716400146484,6.129746575366687,1.259888511779159,10,0
4.059260368347168,6.140218359676464,1.2564404221958028,10,0
4.067743301391602,6.150787379763938,1.2690779920961226,10,0
4.076233625411987,6.161293279017143,1.2591605395764935,10,0
4.084737062454224,6.1718870468992195,1.2754955615455301,10,0
4.093269348144531,6.182486269949607,1.2696826406137862,10,0
4.101754903793335,6.193090962159289,1.27818495945881,10,0
4.110227823257446,6.203704630638208,1.2692329747126916,10,0
4.118722915649414,6.2142361897389184,1.2631527459609828,10,0
4.1272132396698,6.224732635532627,1.2591044452405167,10,0
4.135701656341553,6.235151396156607,1.2485809279979971,10,0
4.144227504730225,6.245579429419201,1.254512183960854,10,0
4.1527087688446045,6.256013077592409,1.2486022833516248,10,0
4.161231756210327,6.266414025698633,1.2506379343015819,10,0
4.169714689254761,6.276846427762914,1.2487511807072444,10,0
4.178229093551636,6.287219592289979,1.2445251507676507,10,0
4.186708688735962,6.297647591157656,1.252733395123282,10,0
4.195220470428467,6.308021710184736,1.2433886683773556,10,0
4.203701019287109,6.318427458525004,1.2543299012331384,10,0
4.212217569351196,6.328862729531411,1.248812816954613,10,0
4.220701456069946,6.339242321392503,1.2453827241787847,10,0
4.229290008544922,6.354916625993517,1.2492750626921136,10,0
4.23777174949646,6.365350765820794,1.2582303268495114,10,0
4.246262550354004,6.375811250500156,1.251279961076293,10,0
4.254754543304443,6.386201661506704,1.2465056462085498,10,0
4.263229846954346,6.396625112344744,1.2504845615128146,10,0
4.271711587905884,6.406974774945696,1.2403672239187284,10,0
4.280217885971069,6.417335831624444,1.2466217045856702,10,0
4.288705587387085,6.427693064666007,1.2393627296749623,10,0
4.297212362289429,6.438005853749762,1.2388562972321824,10,0
4.305706977844238,6.448334184275573,1.2361021835630412,10,0
4.314210414886475,6.458601324699898,1.23180545300836,10,0
4.3227221965789795,6.46890186106987,1.2376578525299287,10,0
4.331227540969849,6.479150880016788,1.2283499251826315,10,0
4.339753150939941,6.489434176901525,1.2399710023335224,10,0
4.348262310028076,6.499751494184281,1.2346519948187071,10,0
4.356754302978516,6.510049413232076,1.2399466912577695,10,0
4.365262269973755,6.520443881548707,1.246542892819825,10,0
4.373754024505615,6.530783522604008,1.2393998467747702,10,0
4.382258892059326,6.541203672086326,1.250305215200355,10,0
4.390747308731079,6.5515294882797726,1.2367024942355047,10,0
4.39921760559082,6.561817270487249,1.2335997786693031,10,0
4.407705068588257,6.572059332775881,1.2254598751040506,10,0
4.416227102279663,6.582242387177239,1.2217952926716455,10,0
4.424714803695679,6.592466413657399,1.2273207508492072,10,0
4.433229684829712,6.602624771749822,1.2175197326651213,10,0
4.441797256469727,6.617926533496436,1.2212555569336931,10,0
4.450273513793945,6.628070791673892,1.2170669971910946,10,0
4.458785057067871,6.638269681316901,1.2251524794197255,10,0
4.467271566390991,6.648413778284219,1.2158099396608066,10,0
4.475766897201538,6.658589715766601,1.2267368130695304,10,0
4.484277248382568,6.66879496873133,1.2212258417631232,10,0
4.492764472961426,6.678997640727155,1.2304683100053366,10,0
4.501289129257202,6.689271919330151,1.230987297601313,10,0
4.50977087020874,6.699490049004237,1.2251389009335414,10,0
4.518274307250977,6.709719583326637,1.2268231137336985,10,0
4.526760816574097,6.719875049303689,1.2171375855912248,10,0
4.535242080688477,6.729991118899827,1.2110418580749303,10,0
4.543742656707764,6.740049776052692,1.204101169432883,10,0
4.552270889282227,6.7500591316503336,1.2009648434154507,10,0
4.5607616901397705,6.760193535248404,1.2175517632235202,10,0
4.56928277015686,6.770273241257036,1.208045618304607,10,0
4.577763557434082,6.780468782941632,1.224722918815672,10,0
4.586288690567017,6.790594749556573,1.213164659321401,10,0
4.594765663146973,6.800729074217093,1.219676507605086,10,0
4.603292465209961,6.810864971921503,1.2128746815695892,10,0
4.611767768859863,6.820944359001003,1.2093662415865658,10,0
4.6202967166900635,6.831073672005347,1.2156235573931964,10,0
4.628772974014282,6.8411324443186565,1.2054604375416171,10,0
4.637278318405151,6.8512597156939,1.2189231976096622,10,0
4.645752429962158,6.8613459143231,1.2074475044707627,10,0
4.650134325027466,6.871417307845967,1.2111090613369666,10,0
4.658616542816162,6.881490113394651,1.2049636705579083,10,0
4.6670849323272705,6.891498357805529,1.2007569585190658,10,0
4.675569534301758,6.901538118858869,1.2054641938618629,10,0
4.688281059265137,6.916493446248585,1.1951878273007541,10,0
4.696751594543457,6.926546768441152,1.2067305414365228,10,0
4.709508419036865,6.941563089455393,1.2075614886210664,10,0
4.717977285385132,6.951609139662818,1.2017085973762123,10,0
4.730738639831543,6.966581238222606,1.1980998333862398,10,0
4.743505001068115,6.981509160822166,1.1899033922085474,10,0
4.756275177001953,6.9964673986107995,1.2007721361643595,10,0
4.769002437591553,7.011387799026386,1.1961385805477136,10,0
4.7817418575286865,7.026319056587484,1.1897589189287476,10,0
4.794503450393677,7.041204646891854,1.1934641642624582,10,0
4.8072333335876465,7.056023537130182,1.1842839966983905,10,0
4.819967746734619,7.070948771159566,1.1901113662507612,10,0
4.832711935043335,7.085829604858112,1.197800334635684,10,0
4.845470905303955,7.10073775845239,1.188011738098806,10,0
4.853955030441284,7.110744153602948,1.2012872598189164,10,0
4.866790294647217,7.130584940077185,1.190147854891211,10,0
4.879497051239014,7.145397400309725,1.180546587846524,10,0
4.892245054244995,7.1602004990485115,1.1867810780224461,10,0
4.904960632324219,7.174936551853818,1.1800339331189853,10,0
4.917704820632935,7.1896816297610675,1.1751157846550337,10,0
4.9304587841033936,7.204403131039725,1.181045423993192,10,0
4.943183422088623,7.219064427156973,1.1716830277913612,10,0
4.955908298492432,7.233830089851444,1.177376942685019,10,0
4.968667507171631,7.248553588612046,1.1853491705465264,10,0
4.981425762176514,7.26330657679592,1.1755704449959472,10,0
4.994220733642578,7.278130474138703,1.1810460811102208,10,0
5.00694727897644,7.292845277433729,1.1780867319288386,10,0
5.019702911376953,7.3075052732510155,1.1683549080012319,10,0
5.032451391220093,7.32216538316107,1.1754830641854646,10,0
5.045203924179077,7.336773033062301,1.17180637800934,10,0
5.057969093322754,7.3514713711436634,1.1723887719944552,10,0
5.070734024047852,7.366087845350446,1.1674019241335578,10,0
5.07927131652832,7.380597103199603,1.1584426821381189,10,0
5.091998338699341,7.395212746688991,1.1670778568513853,10,0
5.104708671569824,7.409770500166647,1.1710074985442027,10,0
5.117443084716797,7.42432646251957,1.1594566759595273,10,0
5.130163908004761,7.438929576218733,1.1631310055652946,10,0
5.142881393432617,7.4534049806577825,1.1561521905629883,10,0
5.155602693557739,7.467795361751451,1.147076877359497,10,0
5.168308734893799,7.482214018416436,1.1576975652138783,10,0
5.18102502822876,7.496612160897567,1.1563287210803863,10,0
5.1937971115112305,7.511048753998959,1.150374643330021,10,0
5.206541299819946,7.525459872386049,1.1558652814287558,10,0
5.219282627105713,7.539802970379889,1.1462557126582347,10,0
5.231994152069092,7.554250986815652,1.1518722845229497,10,0
5.244811058044434,7.568654799218606,1.159598598315786,10,0
5.257532358169556,7.583083900020232,1.1496885413536337,10,0
5.270277261734009,7.597582899276268,1.1550459040854375,10,0
5.282984733581543,7.61197997028906,1.1537574527440262,10,0
5.295733690261841,7.626330706729575,1.1435862740194127,10,0
5.304314613342285,7.640674910237301,1.1498525331943108,10,0
5.317040920257568,7.654945221081744,1.1420512188558842,10,0
5.3297505378723145,7.669210748669567,1.136673575936665,10,0
5.342519521713257,7.683459567989829,1.1434076995553988,10,0
5.35527491569519,7.697651187563253,1.1341419566028776,10,0
5.367979049682617,7.711949134095575,1.1398978381933906,10,0
5.380739212036133,7.726203949545309,1.147736008738026,10,0
5.393519639968872,7.7404868284543085,1.1380385745965462,10,0
5.4062793254852295,7.754844526382257,1.1437497406983081,10,0
5.419013023376465,7.769102676570725,1.1430311905307315,10,0
5.431704521179199,7.783317347259661,1.1327650778354201,10,0
5.444472789764404,7.7973907040131465,1.119672495924358,10,0
5.457196474075317,7.811268272383007,1.1037643307337623,10,0
5.469911098480225,7.8249015629900995,1.0853119430152596,10,0
5.4826178550720215,7.838380161801793,1.0721133439058668,10,0
5.495373249053955,7.851676627773925,1.0627697177799782,10,0
5.508130788803101,7.864798296496694,1.0449087136413464,10,0
5.520948648452759,7.877715920921559,1.01749337226301,10,0
5.529459476470947,7.890412225671473,1.0145911784448463,10,0
5.54220986366272,7.9028995917779135,0.9916785643304377,10,0
5.554933547973633,7.915166154838213,0.9733741146187332,10,0
5.567638158798218,7.927168704177525,0.9532763973685524,10,0
5.580390691757202,7.9389123857133175,0.9352088847129278,10,0
5.593114137649536,7.950489545725385,0.9185718183901426,10,0
5.605829954147339,7.961852047450236,0.9010903960759561,10,0
5.618520021438599,7.9729270359726945,0.8815410420390477,10,0
5.631229400634766,7.983699933928517,0.8528197035487685,10,0
5.6439855098724365,7.9942030950464185,0.830702467388419,10,0
5.656756162643433,8.004410379718149,0.8083706867098921,10,0
5.673750400543213,8.017564366145898,0.7773079796989484,10,0
5.690746784210205,8.030196909728035,0.7458162161558257,10,0
5.707736968994141,8.04229635031488,0.713283808763218,10,0
5.7205116748809814,8.052430696237511,0.8933697649370482,10,0
5.733262300491333,8.064192698799031,0.9845551029322279,10,0
5.741870641708374,8.07704772322976,1.0249648903108466,10,0
5.754621744155884,8.090523417675236,1.0849214014799986,10,0
5.767358779907227,8.10398754997869,1.081032024791485,10,0
5.780111074447632,8.117267597395966,1.0452759354400183,10,0
5.792829275131226,8.130379292102692,1.04809631826845,10,0
5.80553412437439,8.143394439115985,1.046191592704591,10,0
5.8182783126831055,8.15637807005976,1.039165518277301,10,0
5.830992937088013,8.169445610340482,1.0358051692771875,10,0
5.843773365020752,8.18273140184231,1.0660186069725808,10,0
5.856531858444214,8.195767296419653,1.0516047421716594,10,0
5.869279384613037,8.208972076682409,1.0538469336432952,10,0
5.881993532180786,8.223043147309763,1.1409182357735375,10,0
5.8947436809539795,8.238070006304461,1.2619442789429538,10,0
5.903231859207153,8.248729109385804,1.2789036191516023,10,0
5.911707639694214,8.260024985221456,1.3728915859870197,10,0
5.9201884269714355,8.271619853220875,1.393101515902133,10,0
5.928670644760132,8.283469430509472,1.4511716285441034,10,0
5.937154054641724,8.295929279802223,1.5041184590672647,10,0
5.9456281661987305,8.308533657513976,1.512311438874634,10,0
5.954146862030029,8.321787471826745,1.6088681020519018,10,0
5.958475828170776,8.335439859338173,1.6451738126191868,10,0
5.966943264007568,8.349455788140515,1.711582478926953,10,0
5.975467681884766,8.364050054615342,1.7611010773853235,10,0
5.983938455581665,8.378833608668836,1.776195063137766,10,0
5.992460489273071,8.393706376892917,1.7860025935673196,10,0
6.000930547714233,8.408578555452724,1.78326718424773,10,0
6.009410619735718,8.423430312693027,1.7847234617478216,10,0
6.017881870269775,8.438319032281605,1.786428347748791,10,0
6.0264058113098145,8.453169731096025,1.7814230718103146,10,0
6.034877061843872,8.468058427795075,1.7873501616875154,10,0
6.043363809585571,8.482929985388655,1.7833222617979707,10,0
6.051855802536011,8.497803051235557,1.7865390764730698,10,0
6.060339689254761,8.512683709940626,1.7844185242213477,10,0
6.06882381439209,8.527532910485798,1.7847366338702082,10,0
6.077326059341431,8.542424244103985,1.7866869794597764,10,0
6.085810422897339,8.557288389230912,1.7813440550581257,10,0
6.0942909717559814,8.572177403715381,1.7874025498938133,10,0
6.102773904800415,8.587056716366778,1.7852003819960716,10,0
6.111228942871094,8.601929919144142,1.7865679923013589,10,0
6.1197521686553955,8.616810914758828,1.7844182343241206,10,0
6.1282618045806885,8.631659924577159,1.7847349494254896,10,0
6.136743068695068,8.646551924665003,1.786798186780318,10,0
6.1452553272247314,8.661413951956574,1.7807163684830956,10,0
6.153737783432007,8.67629979676209,1.7871261562122776,10,0
6.162250280380249,8.69117434791283,1.7842270831775398,10,0
6.170732021331787,8.706045151543222,1.7864319782175029,10,0
6.1793153285980225,8.728356617499688,1.782587520790853,10,0
6.1878132820129395,8.74323512556757,1.786918437767741,10,0
6.196261644363403,8.75811217659969,1.7836472254965485,10,0
6.204745531082153,8.772963937115133,1.7848176936086146,10,0
6.213254451751709,8.787851157143649,1.7859575629274036,10,0
6.221735715866089,8.802703993403968,1.781606317916815,10,0
6.23024320602417,8.817592396898592,1.7872491963776012,10,0
6.23872447013855,8.832462525246324,1.7833323059238055,10,0
6.247194766998291,8.847337192280834,1.7867123939234866,10,0
6.255677700042725,8.86221891555004,1.7844668601471965,10,0
6.264185190200806,8.877122320228683,1.784299863367227,10,0
6.272675514221191,8.89201115695149,1.7864169504314977,10,0
6.281183481216431,8.9068606702668,1.7807770064146624,10,0
6.289679050445557,8.921748464960617,1.7874251043208043,10,0
6.298183917999268,8.936625993641584,1.7843387901942678,10,0
6.306673049926758,8.951494073794358,1.7861812268742923,10,0
6.3151795864105225,8.96637835466359,1.7850986273830542,10,0
6.323668479919434,8.981242328786996,1.783847494694102,10,0
6.3321733474731445,8.996133844823053,1.7869922204540025,10,0
6.340664625167847,9.01098255226151,1.7797660887469953,10,0
6.349169969558716,9.025867047043562,1.787230444689273,10,0
6.357655763626099,9.040751059746729,1.7857668117158851,10,0
6.366170167922974,9.055614364458211,1.785785537301368,10,0
6.37465763092041,9.070498944177768,1.7852347070027368,10,0
6.383126974105835,9.08536259618306,1.7832491399757644,10,0
6.391610383987427,9.100253266946808,1.7870596654302902,10,0
6.396045684814453,9.115100198721361,1.7789718159629353,10,0
6.404536724090576,9.129982489823,1.7871340816114094,10,0
6.41300630569458,9.144867271826376,1.7857026348127196,10,0
6.4215147495269775,9.159726696456982,1.7854998881986588,10,0
6.429990768432617,9.1746135686398,1.7857158334256906,10,0
6.4385058879852295,9.189475774811095,1.782768730768947,10,0
6.4469757080078125,9.204367591509662,1.787411382686253,10,0
6.455508470535278,9.219234104846953,1.7829281622647302,10,0
6.464020013809204,9.234112140884637,1.7868489807772188,10,0
6.472527265548706,9.24898871627842,1.7836439355812868,10,0
6.480997323989868,9.263844061660688,1.785219461651596,10,0
6.489536762237549,9.278733944240747,1.7863131637092058,10,0
6.498005390167236,9.293597982685652,1.7818199258132463,10,0
6.506524562835693,9.308486804496097,1.7872387056343626,10,0
6.514993667602539,9.323359280213854,1.784021100313771,10,0
6.523492336273193,9.338232607550438,1.7864952544437955,10,0
6.53196120262146,9.353111007240908,1.7839967914066626,10,0
6.540490627288818,9.367959463311363,1.7846059642612397,10,0
6.548957824707031,9.382849955764826,1.7866012478065272,10,0
6.5574727058410645,9.39771068465436,1.7809805739462221,10,0
6.565939903259277,9.412598346962207,1.7873396229097398,10,0
6.574468374252319,9.427473281628421,1.7840899268720898,10,0
6.582936525344849,9.442343336975437,1.7863163086096971,10,0
6.591422080993652,9.457225651982899,1.7847183056833014,10,0
6.599889516830444,9.47208813447266,1.7842394616252466,10,0
6.608539581298828,9.494413756285413,1.7838875662285711,10,0
6.61703085899353,9.509268141992433,1.7850838774199929,10,0
6.625495195388794,9.52415680199719,1.7861512448739965,10,0
6.633968114852905,9.539021211397909,1.7819349152148731,10,0
6.642513275146484,9.553910756798722,1.7873237080348852,10,0
6.650981664657593,9.568782837140878,1.783911317887672,10,0
6.659485101699829,9.583658658541811,1.7867717025499288,10,0
6.667954921722412,9.598538582099573,1.7841636984269644,10,0
6.67644190788269,9.613385835372041,1.7844422757723515,10,0
6.684919357299805,9.628274092088564,1.7863044884755246,10,0
6.693437099456787,9.643133653331564,1.7810236074599892,10,0
6.701928615570068,9.658020870697014,1.7872432726782674,10,0
6.710439682006836,9.672895240900248,1.7840882234830182,10,0
6.7189342975616455,9.68776708495419,1.786517261000685,10,0
6.727457761764526,9.702650647371424,1.7848122895507095,10,0
6.735944032669067,9.717511890293332,1.7839735029849908,10,0
6.7444257736206055,9.732401847884724,1.7867090379663315,10,0
6.7529075145721436,9.747251532999055,1.7803772240049096,10,0
6.761423110961914,9.762138539768053,1.787425979684047,10,0
6.7699055671691895,9.777022351928812,1.7856981930322944,10,0
6.778414487838745,9.791888464609585,1.786026438233063,10,0
6.786895751953125,9.806772860484983,1.7851504161589213,10,0
6.795375108718872,9.821637199266648,1.7835338638379112,10,0
6.803858041763306,9.836528471255463,1.7870693558432817,10,0
6.812366962432861,9.851376018188294,1.779251411641585,10,0
6.8210790157318115,9.873702819793575,1.7865395438105902,10,0
6.8295509815216064,9.88856776733071,1.7819955456966092,10,0
6.838034391403198,9.903453434976178,1.7870573678658468,10,0
6.8464696407318115,9.918325526709832,1.7837872061156372,10,0
6.854954719543457,9.933197360225883,1.786490179895938,10,0
6.863462686538696,9.94808001093007,1.784703564679813,10,0
6.871945381164551,9.962942106464931,1.784193338086001,10,0
6.880452394485474,9.977833387646093,1.7868500355731176,10,0
6.888937950134277,9.992681762584926,1.7801104257581726,10,0
6.897449016571045,10.00756616311231,1.787103176455722,10,0
6.905944347381592,10.022436151076745,1.7829786846169033,10,0
6.914452314376831,10.037305205462289,1.7863703721664237,10,0
6.9229576587677,10.052192399542061,1.7854521955381097,10,0
6.931427955627441,10.067054043509183,1.7833963698692414,10,0
6.9399495124816895,10.081943942487964,1.7868880521554018,10,0
6.948417901992798,10.09679124489588,1.7793671971798342,10,0
6.956911087036133,10.11167464996557,1.787188896632103,10,0
6.965379238128662,10.126558925984273,1.7856721739315256,10,0
6.973868131637573,10.14142134534268,1.7857811512860329,10,0
6.982368469238281,10.1563085064926,1.785669834322662,10,0
6.990857124328613,10.171170545018182,1.7826038615729771,10,0
6.9993627071380615,10.18605900884559,1.7869339114482887,10,0
7.007860422134399,10.200921290811744,1.7825256644503926,10,0
7.016364574432373,10.215801442277046,1.7870337004163368,10,0
7.024852752685547,10.230677835832404,1.783542474029835,10,0
7.033496856689453,10.252982203496313,1.7872778313107542,10,0
7.041977882385254,10.26786445633174,1.785543642792447,10,0
7.050480365753174,10.282731388765775,1.78608828727788,10,0
7.0589659214019775,10.297615325261544,1.7850541230782473,10,0
7.0674357414245605,10.312480633599815,1.7838192093693281,10,0
7.075922012329102,10.327373242765038,1.7871933180957646,10,0
7.084428548812866,10.342221259324813,1.7793109217567225,10,0
7.092912673950195,10.357103696366725,1.7870686915807295,10,0
7.101421594619751,10.371986339853601,1.785466264841033,10,0
7.109906196594238,10.386849857429167,1.7858835656720546,10,0
7.118420362472534,10.40173762059112,1.7857165327212765,10,0
7.126904487609863,10.416599818495534,1.782919302509105,10,0
7.135473728179932,10.431490244829208,1.7871416255493329,10,0
7.144041061401367,10.446353679460024,1.7826533999555139,10,0
7.152602672576904,10.461232250213405,1.7868080964043296,10,0
7.161156415939331,10.476105990985323,1.7831885404486751,10,0
7.169706106185913,10.490963398896548,1.7853713668750082,10,0
7.178255558013916,10.505852689397924,1.7861466010765574,10,0
7.186804533004761,10.52071825598203,1.7822174221812352,10,0
7.195351839065552,10.535608263265972,1.787310380310055,10,0
7.203871011734009,10.550479546685736,1.7838799090789923,10,0
7.21241307258606,10.56535568945419,1.7867364204146072,10,0
7.221086263656616,10.587649104479175,1.7797264647827804,10,0
7.2296271324157715,10.602534360265254,1.7873690567877583,10,0
7.238157272338867,10.617418896463256,1.7856539443873447,10,0
7.246694564819336,10.63228139977948,1.7857455209717064,10,0
7.255223751068115,10.647167143064884,1.7854471407887271,10,0
7.263765096664429,10.662029553993216,1.783051031019055,10,0
7.27229642868042,10.676920532900253,1.7871890944160367,10,0
7.280850410461426,10.691783768790549,1.7825906134795872,10,0
7.289405107498169,10.706664652776308,1.7870697064047851,10,0
7.297908544540405,10.721540139651202,1.783384348579007,10,0
7.3064656257629395,10.736396338118983,1.7851990024022701,10,0
7.315002918243408,10.751283165245098,1.7858338700194347,10,0
7.323589324951172,10.766147495576252,1.7822329448858145,10,0
7.33213210105896,10.78103708478876,1.7872145315184809,10,0
7.340705156326294,10.795907609501237,1.783850191846005,10,0
7.3492443561553955,10.810785487850838,1.7869161980025061,10,0
7.357808351516724,10.825664502618418,1.7839597116715897,10,0
7.366312026977539,10.84051564481512,1.7848045093840663,10,0
7.37487006187439,10.855404865522464,1.7863191685736806,10,0
7.383519649505615,10.877709941980575,1.78611001776076,10,0
7.392061471939087,10.89259870314335,1.7858017893589981,10,0
7.400566339492798,10.907461471871482,1.7829294688840005,10,0
7.409125328063965,10.922351147869332,1.7870281291362922,10,0
7.417628049850464,10.937231690013071,1.786983075089845,10,0
7.426149129867554,10.95211291792311,1.7870874762489508,10,0
7.434694051742554,10.966988401536408,1.7833649676452732,10,0
7.443253517150879,10.98184637714074,1.785407939173695,10,0
7.4518043994903564,10.996735328468176,1.7860993488938053,10,0
7.460354804992676,11.011593515080586,1.7819486059553558,10,0
7.468924522399902,11.026481106831056,1.787004076453831,10,0
7.477448225021362,11.041346069984874,1.7827105050032956,10,0
7.485970497131348,11.05622336223502,1.786862210214379,10,0
7.494523048400879,11.071102601436198,1.7840541705152984,10,0
7.5030927658081055,11.085955014553024,1.7849748320745886,10,0
7.511642932891846,11.1008457218755,1.7864846755924366,10,0
7.520206451416016,11.115709131518567,1.7813642724563992,10,0
7.528758764266968,11.130596656030203,1.7871913978842617,10,0
7.537285566329956,11.145470654884068,1.7842955150559803,10,0
7.545959711074829,11.16034640116667,1.7873505700333054,10,0
7.5502543449401855,11.175229448726704,1.7845808443748303,10,0
7.558793306350708,11.190093200459266,1.7843607941237076,10,0
7.56728982925415,11.20498288859726,1.786541688596292,10,0
7.575835227966309,11.219831839366478,1.7807602635493596,10,0
7.584368705749512,11.234718999854366,1.787344716424869,10,0
7.592924356460571,11.249588616346594,1.782897947256903,10,0
7.601478338241577,11.264458456487079,1.786346598090554,10,0
7.610044479370117,11.27934267704194,1.7849874267192087,10,0
7.618536472320557,11.294203542356026,1.783592747435122,10,0
7.627058744430542,11.309092635479379,1.7867100263347715,10,0
7.635641098022461,11.323939702343774,1.7797503831603492,10,0
7.6442015171051025,11.33882389404115,1.7871909926630123,10,0
7.6527533531188965,11.353706805917213,1.785535938989487,10,0
7.661271810531616,11.368571914913018,1.7860101411509055,10,0
7.669826984405518,11.38345864723586,1.785511087733398,10,0
7.678376197814941,11.398322280076371,1.7830587297026068,10,0
7.686922311782837,11.41321200665497,1.7869845191238307,10,0
7.695465087890625,11.428059062645245,1.7789998862278273,10,0
7.703988790512085,11.442942433488852,1.7873238612985518,10,0
7.712690591812134,11.465248619520759,1.7806542853264473,10,0
7.721236705780029,11.480134543116076,1.7871749909135708,10,0
7.729779243469238,11.495009079506604,1.7840837316535785,10,0
7.738282203674316,11.509879673474364,1.7864233016075772,10,0
7.746816635131836,11.524763874660902,1.7849069915461282,10,0
7.7553393840789795,11.539625613605317,1.783932122198154,10,0
7.763882398605347,11.554516548465198,1.7868867038567364,10,0
7.7724690437316895,11.56936421670865,1.7796323035347332,10,0
7.781006097793579,11.584246996107193,1.7870190295823378,10,0
7.78961443901062,11.599128548564181,1.7854574932289238,10,0
7.798156976699829,11.613993998377751,1.7860184094126392,10,0
7.806724309921265,11.628880425170037,1.7854535486219645,10,0
7.815260887145996,11.643743716307782,1.7832917981831904,10,0
7.823833227157593,11.65863499689513,1.787159993755397,10,0
7.832372426986694,11.67348188096418,1.778936620925248,10,0
7.840927600860596,11.688362003663586,1.7868738400134359,10,0
7.849475383758545,11.703239144871137,1.784145430689094,10,0
7.858001470565796,11.718099931048597,1.7856990613479011,10,0
7.866505146026611,11.733091290095874,1.8102632982180944,10,0
7.875202655792236,11.755435955149864,1.7818086125128603,10,0
7.8837127685546875,11.770312361106315,1.784712500720422,10,0
7.892268419265747,11.785160771802705,1.7825135098179972,10,0
7.900774955749512,11.800049174901487,1.7870361567205955,10,0
7.909329175949097,11.814908870024302,1.7816114581622082,10,0
7.917868614196777,11.8297920144093,1.7874305173506901,10,0
7.926424264907837,11.844670194293345,1.7835958795266673,10,0
7.934982061386108,11.859534323361297,1.7861881130595842,10,0
7.9435460567474365,11.874425838959922,1.7860978291782108,10,0
7.952104330062866,11.88927763449939,1.7837143793034476,10,0
7.960657596588135,11.904168653004808,1.7867855879115546,10,0
7.969173431396484,11.919011512945676,1.779443159554066,10,0
7.9777209758758545,11.933883593953585,1.7851521035736437,10,0
7.986308574676514,11.94872638247936,1.7800274713183697,10,0
7.99487566947937,11.963561381180863,1.7811720699505686,10,0
8.00343132019043,11.97836289278116,1.7731537622191071,10,0
8.011977910995483,11.993146934754813,1.7754416535505342,10,0
8.020506620407104,12.007906546869147,1.7682680733181395,10,0
8.029057741165161,12.022610596055241,1.7660507493858026,10,0
8.03768253326416,12.044593181369873,1.7513525782260968,10,0
8.046227216720581,12.059210548037266,1.7535607048959283,10,0
8.054768562316895,12.07372985684765,1.7368167599292348,10,0
8.063268899917603,12.088223937556311,1.7386577823652916,10,0
8.071833372116089,12.102608855280419,1.719707750092317,10,0
8.080375671386719,12.116953712697741,1.7204536369097783,10,0
8.08894968032837,12.131179243744674,1.7002963125837978,10,0
8.097495794296265,12.145351658483435,1.6993141927937336,10,0
8.1060209274292,12.159397621762098,1.6780659234463942,10,0
8.11452317237854,12.173367892627514,1.6743650278546165,10,0
8.123085498809814,12.187178644467153,1.6459715361832195,10,0
8.131624698638916,12.200647762283786,1.607790192696922,10,0
8.140144348144531,12.214016433570704,1.6041599823601556,10,0
8.148679733276367,12.227383680345527,1.6040656107244275,10,0
8.157198905944824,12.240752082487663,1.6042813730836023,10,0
8.165724515914917,12.254124182714392,1.604800585568439,10,0
8.174246072769165,12.267502467568633,1.6056164889571134,10,0
8.182744026184082,12.280889366844018,1.6067222571256525,10,0
8.191277980804443,12.294287253077924,1.6081110051018404,10,0
8.199792385101318,12.307698441108977,1.6097757966937691,10,0
8.208232879638672,12.321125187695374,1.6117096516773288,10,0
8.216745615005493,12.341299272726014,1.6150995685654181,10,0
8.225269317626953,12.354774405080306,1.617675314248997,10,0
8.233741044998169,12.368272533047136,1.6204954392326958,10,0
8.242274045944214,12.38203203934789,1.6795555458487215,10,0
8.250744104385376,12.396771582997733,1.8098346706406132,10,0
8.259268999099731,12.41262743193382,1.9225073291530559,10,0
8.267740249633789,12.428929223546824,1.9707330111000487,10,0
8.27626919746399,12.44554661865592,1.9990873789700883,10,0
8.28473949432373,12.462233186846932,2.002093863358514,10,0
8.293264627456665,12.47910819662187,2.0300468183248537,10,0
8.30179214477539,12.496059220837402,2.0340482449565833,10,0
8.310267686843872,12.513228349980494,2.069088049006191,10,0
8.318763732910156,12.530516080608718,2.074125150049994,10,0
8.327230453491211,12.547965493280607,2.0984207697527637,10,0
8.3357253074646,12.565485417161849,2.102412739970718,10,0
8.344212532043457,12.583054606374722,2.1151214474180433,10,0
8.352697849273682,12.600815823189851,2.1336103402513613,10,0
8.361217975616455,12.618648551915365,2.147240134989645,10,0
8.369701862335205,12.636696791260402,2.1687539866053545,10,0
8.378217458724976,12.654760564017053,2.1671308243416796,10,0
8.386697053909302,12.672958344843808,2.1876483035176117,10,0
8.39521050453186,12.691250585098883,2.195176786187398,10,0
8.403692722320557,12.709593899881103,2.2082840659982357,10,0
8.41220211982727,12.72809417273072,2.222600802134643,10,0
8.420696020126343,12.746645688404298,2.225773683422366,10,0
8.429167747497559,12.765367822736511,2.2518927112703375,10,0
8.433440685272217,12.784209398671177,2.2638151663151675,10,0
8.441924095153809,12.803141490581345,2.280109232215252,10,0
8.450392723083496,12.822264573278693,2.2982183781113847,10,0
8.458875894546509,12.841470957013481,2.3048482422717536,10,0
8.467344999313354,12.860867431218796,2.3333837717479757,10,0
8.47582745552063,12.880402522726657,2.3477472136003783,10,0
8.484291553497314,12.900042787176224,2.365431645590803,10,0
8.492812156677246,12.91988546149752,2.3849119695906924,10,0
8.501314878463745,12.939824810261294,2.393093461793241,10,0
8.505566358566284,12.949868379083965,2.4104565174409385,10,0
8.509805917739868,12.959962668000719,2.422629340020832,10,0
8.514039278030396,12.970090047181476,2.4305710033816945,10,0
8.51828408241272,12.98025109972984,2.438652611607165,10,0
8.522536754608154,12.990416954583962,2.4398051649892203,10,0
8.526774883270264,13.000580175699307,2.4391730676830274,10,0
8.531008005142212,13.010814454818037,2.456226988495249,10,0
8.535268783569336,13.021098822845072,2.468248326488518,10,0
8.539517879486084,13.031416194851287,2.476169281491642,10,0
8.543756246566772,13.041767396096922,2.4842882989526474,10,0
8.54798936843872,13.052124051477781,2.485597291406137,10,0
8.552318334579468,13.06255942886545,2.5044905730404436,10,0
8.556573629379272,13.07305164312279,2.518131421761793,10,0
8.560809850692749,13.083582847044456,2.5274889411997785,10,0
8.565048456192017,13.094139968055718,2.5337090427028115,10,0
8.569310426712036,13.104710616334204,2.536955586836553,10,0
8.573557376861572,13.115284921304719,2.537833192923558,10,0
8.577787160873413,13.1259415196038,2.5575835917791374,10,0
8.582014083862305,13.1362499278601,2.4740179815120387,10,0
8.590510129928589,13.1554298360212,2.27156178248172,10,0
8.599051713943481,13.173715105814164,2.1657236980148933,10,0
8.607495546340942,13.191229215336097,2.0875798336293454,10,0
8.615962743759155,13.20854387982547,2.077032619139752,10,0
8.624478340148926,13.225728883392527,2.058824942589165,10,0
8.632955551147461,13.242867566829716,2.0571121502855725,10,0
8.641443729400635,13.25998183338993,2.0512446749492597,10,0
8.649912595748901,13.277076761497053,2.052510104895404,10,0
8.658445596694946,13.302755211255766,2.053933364457789,10,0
8.666914939880371,13.3199373097496,2.0633848617265005,10,0
8.67540431022644,13.337117269653143,2.0607401476878633,10,0
8.683872938156128,13.354321919277485,2.067589944920981,10,0
8.692363262176514,13.371558166237758,2.067878972484994,10,0
8.700831890106201,13.388761411635265,2.0640940354629262,10,0
8.709271669387817,13.406000986426335,2.0693906117783056,10,0
8.717740297317505,13.42320267744827,2.0633041988968563,10,0
8.726267099380493,13.440426771608458,2.0683108037554003,10,0
8.734779834747314,13.457635170830095,2.062639424381069,10,0
8.743229389190674,13.474810061521676,2.0615927389945763,10,0
8.751713275909424,13.49199753403812,2.0620304296780168,10,0
8.760228633880615,13.50912074495792,2.053347782168948,10,0
8.768728733062744,13.526245150259022,2.055664168428882,10,0
8.777255296707153,13.543342215821882,2.048560865956116,10,0
8.785749673843384,13.56039179772626,2.0463768991727647,10,0
8.794264078140259,13.577435138903496,2.0423200785966356,10,0
8.802783250808716,13.594434989602812,2.040501280726327,10,0
8.811230421066284,13.611460929198454,2.0426564938935092,10,0
8.819710493087769,13.628430369817297,2.0351291746012063,10,0
8.828189373016357,13.645405639755102,2.037681339700194,10,0
8.836690902709961,13.662354587822799,2.0309762243068024,10,0
8.845161199569702,13.67926245231729,2.0296051673572095,10,0
8.853641271591187,13.69616587826124,2.025834578085909,10,0
8.86211371421814,13.713030601068244,2.0242694885436308,10,0
8.870594024658203,13.729918987813669,2.0261583672757757,10,0
8.879078149795532,13.746751035106335,2.0186384994131568,10,0
8.887625217437744,13.772006374330289,2.0202667849188223,10,0
8.89613127708435,13.788784853637837,2.0120817078866193,10,0
8.90461540222168,13.805566631841161,2.0145353329795874,10,0
8.913119792938232,13.822432100598578,2.0228089388348955,10,0
8.921602487564087,13.839253175721922,2.0169485244944645,10,0
8.930073022842407,13.856019750017763,2.0079658039100274,10,0
8.938541889190674,13.87270195574175,2.000733801214694,10,0
8.947011947631836,13.889380108125692,2.000938743801435,10,0
8.955504655838013,13.905987377854403,1.9912640111877353,10,0
8.963975191116333,13.922596259188882,1.9941491181555282,10,0
8.972525835037231,13.93918427392314,1.9878469469773534,10,0
8.980995655059814,13.95573752062637,1.9872924909447998,10,0
8.989543676376343,13.97229137469719,1.984013629291542,10,0
8.99808144569397,13.988814146442378,1.9836338282819528,10,0
9.006531476974487,14.005365225538217,1.9856994275815723,10,0
9.014999389648438,14.021866896973515,1.979218173187131,10,0
9.023549318313599,14.038380172289294,1.9822514215820841,10,0
9.032017469406128,14.05486955518251,1.976059614450451,10,0
9.040523529052734,14.07132278436243,1.975133060486383,10,0
9.049028158187866,14.087773875277017,1.9716736951980147,10,0
9.057518720626831,14.104187926291303,1.970167699072813,10,0
9.065986156463623,14.120626511477642,1.9722068122881877,10,0
9.074507474899292,14.137010177833602,1.9648411662758105,10,0
9.08297324180603,14.153399002921175,1.9674075334876975,10,0
9.091475248336792,14.169764616203107,1.9611851577870962,10,0
9.099944591522217,14.186089294607202,1.9593914824339795,10,0
9.104305982589722,14.202427151133412,1.9601212555873582,10,0
9.1127769947052,14.218699172245342,1.95120280012789,10,0
9.121279954910278,14.23497663697041,1.9542718913828363,10,0
9.129749774932861,14.251208147529775,1.9464952083426936,10,0
9.138265371322632,14.267450604274552,1.9506452664928784,10,0
9.146736860275269,14.28367794628124,1.9447447610116733,10,0
9.155261754989624,14.29987029462897,1.9437617291733935,10,0
9.163731813430786,14.316077996795576,1.9445110704295916,10,0
9.172244548797607,14.332226622051113,1.936563879875791,10,0
9.180713653564453,14.348381096333357,1.9393095314567503,10,0
9.189236879348755,14.364681019967335,1.9512085478014987,10,0
9.19770622253418,14.380858557033381,1.9400605149729389,10,0
9.206241846084595,14.396987542720773,1.9317125134132385,10,0
9.214722394943237,14.413040219797624,1.9254536639234592,10,0
9.223240375518799,14.429094154565899,1.9260674109174514,10,0
9.231717109680176,14.445080997155626,1.9168961036472674,10,0
9.240254878997803,14.461067215322219,1.9191290347409076,10,0
9.248723268508911,14.477030239104032,1.9128034783208254,10,0
9.257248163223267,14.492957062338128,1.9120626426417553,10,0
9.2657151222229,14.508885363314437,1.908911360804359,10,0
9.274237155914307,14.524782169793987,1.9085251069771343,10,0
9.282703399658203,14.540710063561702,1.9109497913903253,10,0
9.291227579116821,14.556589750593268,1.9046235740768493,10,0
9.29970097541809,14.572483300756637,1.9079839553427638,10,0
9.3082275390625,14.588354467946713,1.9018898767499377,10,0
9.316785335540771,14.612119164349952,1.9027989979187752,10,0
9.325268507003784,14.627925908660188,1.8956334628434635,10,0
9.333738088607788,14.643744576498053,1.8997269303224444,10,0
9.342260837554932,14.659548748552375,1.8940564137708977,10,0
9.350731611251831,14.67531830228205,1.8929411435117827,10,0
9.359217882156372,14.691102395530375,1.893700635110595,10,0
9.367687225341797,14.706827755581969,1.8857427646133325,10,0
9.376175165176392,14.722557145193194,1.8883624726101462,10,0
9.384674549102783,14.738262164243643,1.8816209996357363,10,0
9.393189907073975,14.753924179544518,1.8800539081105043,10,0
9.401695489883423,14.76958624896696,1.876867825166448,10,0
9.410235166549683,14.784810223275537,1.7864672556127505,10,0
9.418724298477173,14.79929224428043,1.7278256298630987,10,0
9.427238702774048,14.81349096289138,1.6941383014718898,10,0
9.435720920562744,14.827420371330069,1.662702873711157,10,0
9.444236516952515,14.841221788419194,1.6542157397543298,10,0
9.452719449996948,14.854962443242766,1.6471004235075957,10,0
9.461235523223877,14.868638092890821,1.6389413255149525,10,0
9.469721794128418,14.882267428469527,1.6344731817409957,10,0
9.47823715209961,14.895859814549585,1.6298248272214504,10,0
9.486719369888306,14.909391615213616,1.6234171212525954,10,0
9.495194673538208,14.922912466000353,1.622174763500355,10,0
9.503674030303955,14.936392690842432,1.6153166514845725,10,0
9.512147665023804,14.949856500847819,1.6159549875032722,10,0
9.520628690719604,14.963329383056239,1.6169267237046108,10,0
9.529103517532349,14.976785134559208,1.6126075870118315,10,0
9.537697792053223,14.99702712523898,1.62688803122767,10,0
9.546207904815674,15.01070443184391,1.644989410494486,10,0
9.554688692092896,15.024441080297532,1.6513902373231277,10,0
9.563190460205078,15.038361410974916,1.675679886393854,10,0
9.571671485900879,15.05238508585474,1.682267801901936,10,0
9.580179452896118,15.066448074521002,1.6886421771650597,10,0
9.588659524917603,15.080588797143118,1.6985338411002555,10,0
9.597172975540161,15.094785949787196,1.7040831779918781,10,0
9.605656623840332,15.109018975097664,1.708912117319982,10,0
9.614160776138306,15.123237433648816,1.7033472695049974,10,0
9.622663021087646,15.137458227357378,1.7190238533353108,10,0
9.63114309310913,15.151843678223855,1.7280275412979593,10,0
9.639657735824585,15.166226443475955,1.72330525089415,10,0
9.648160219192505,15.180632259297353,1.7301199563885916,10,0
9.656651973724365,15.195096491928105,1.73684989017216,10,0
9.6651611328125,15.209536495640297,1.7338406575624354,10,0
9.673654556274414,15.224044175567464,1.7436236412494408,10,0
9.682154893875122,15.238557779869362,1.7379202456874618,10,0
9.690645694732666,15.253048231588913,1.7487470172008046,10,0
9.699150085449219,15.267674051094293,1.7572914854729296,10,0
9.707638502120972,15.28226356293746,1.7459521521919328,10,0
9.716106653213501,15.296932465880248,1.7631333528672664,10,0
9.72459363937378,15.311658707173596,1.7660545047738563,10,0
9.733062028884888,15.32625065379027,1.7460417953631915,10,0
9.741551399230957,15.341058181284168,1.7800338012052017,10,0
9.750205755233765,15.363363965072738,1.7817838007719253,10,0
9.758689641952515,15.378183801705632,1.7808925548516887,10,0
9.767160177230835,15.393046501464148,1.7835549161525357,10,0
9.775644063949585,15.407869892669458,1.7766160534159439,10,0
9.784113645553589,15.422739621310843,1.785933756751091,10,0
9.792598009109497,15.4376072174934,1.782529492075168,10,0
9.801067113876343,15.452460993037072,1.7850633771513669,10,0
9.809516429901123,15.467350832419017,1.7862999084047497,10,0
9.817986249923706,15.482210268808144,1.782271790976919,10,0
9.826507806777954,15.497108222115738,1.7884699849590575,10,0
9.834987163543701,15.511991446310757,1.7856600300519332,10,0
9.843475580215454,15.526884521400982,1.7888104249032364,10,0
9.85195541381836,15.541775381940846,1.7850992177010274,10,0
9.860479593276978,15.556652762707525,1.7879923403071407,10,0
9.868977308273315,15.571557521335414,1.7874549503060662,10,0
9.87750506401062,15.586406907352757,1.78392730872423,10,0
9.885987520217896,15.601298998595336,1.7869172611167892,10,0
9.894509315490723,15.616148780395445,1.7808076655690528,10,0
9.902992010116577,15.631038117674455,1.7876079731146648,10,0
9.911502122879028,15.64591462948201,1.784207385564707,10,0
9.919983625411987,15.660784688665183,1.7863237666985559,10,0
9.92849612236023,15.675667034987512,1.7846951062509169,10,0
9.936976432800293,15.690534104533667,1.7840265569902796,10,0
9.945503950119019,15.705424612685631,1.7868171848955359,10,0
9.953994512557983,15.720272754426258,1.7798596387487013,10,0
9.962666749954224,15.735156502037523,1.7862881419807337,10,0
9.966902256011963,15.75003352396647,1.7841971209665661,10,0
9.975425004959106,15.764895131316857,1.785588662285365,10,0
9.983893871307373,15.77977998154433,1.7853906950545693,10,0
9.992417335510254,15.79463490198847,1.7828678887465639,10,0
10.000895977020264,15.80952486482445,1.7870963213906186,10,0
10.009411573410034,15.824382248870258,1.7810729763105766,10,0
10.017885446548462,15.839262419861726,1.7870263541345335,10,0
10.026411056518555,15.854138005163646,1.783357916381076,10,0
10.034880638122559,15.86899337645849,1.7851563395612906,10,0
10.043364524841309,15.883881647358175,1.7860870366783557,10,0
10.051841259002686,15.898743740710866,1.7822208529694337,10,0
10.060363054275513,15.913634628360871,1.7874417907096438,10,0
10.068853855133057,15.928505234545328,1.783447135601155,10,0
10.077336549758911,15.943380741316783,1.7866858578219644,10,0
10.085819482803345,15.958259124567022,1.7839520118639072,10,0
10.09433913230896,15.973110327296846,1.784860009840212,10,0
10.102858781814575,15.988000981688362,1.7865577494256488,10,0
10.111372232437134,16.002863281161787,1.7812805588073586,10,0
10.119853734970093,16.017751145660053,1.787268662031547,10,0
10.12833285331726,16.03262223947814,1.7834470126559174,10,0
10.136820316314697,16.047492941888773,1.7863084230004342,10,0
10.145293712615967,16.062373259562158,1.7844003739897716,10,0
10.153777837753296,16.077231798073672,1.7842613007039143,10,0
10.162266731262207,16.092122353416354,1.7867089527463302,10,0
10.17075228691101,16.10697194386895,1.7804645372642938,10,0
10.179362297058105,16.129300589442664,1.7861758220349493,10,0
10.18784499168396,16.14416559160989,1.782052718027038,10,0
10.196350336074829,16.159053970864107,1.7870956940101812,10,0
10.204833507537842,16.17392179414892,1.78327051891089,10,0
10.213268995285034,16.18880055058331,1.787035032546956,10,0
10.221750259399414,16.203681036495407,1.7841854573892821,10,0
10.230256080627441,16.21853173686219,1.7847632040280574,10,0
10.238740921020508,16.233420738081342,1.786326694905206,10,0
10.247211694717407,16.248281576712156,1.781428335751286,10,0
10.255698204040527,16.263169992111976,1.787312212391987,10,0
10.264198780059814,16.27804046795737,1.7832959673539301,10,0
10.27268934249878,16.2929136381814,1.7865778281106381,10,0
10.2811918258667,16.3077955490131,1.7845598316551545,10,0
10.289703130722046,16.322652443709067,1.7840853817434343,10,0
10.298203706741333,16.337541010148065,1.7864537381163992,10,0
10.306704759597778,16.352389035063826,1.7804802312688601,10,0
10.315218687057495,16.367274989120432,1.7872281539646457,10,0
10.323710918426514,16.382154167367457,1.7849211403859748,10,0
10.332210302352905,16.39702317611754,1.7863010269113284,10,0
10.340710639953613,16.41190877898585,1.78528165134244,10,0
10.349250316619873,16.42677049934481,1.783572033812087,10,0
10.35773777961731,16.441660188147925,1.786802937175784,10,0
10.366244792938232,16.456508488517127,1.7797726357499388,10,0
10.374729871749878,16.471393819944634,1.7873697712739318,10,0
10.383199214935303,16.486277826673046,1.7855063606058672,10,0
10.391839265823364,16.50858699949831,1.7871286334287984,10,0
10.400307655334473,16.523463195141815,1.7847487968574802,10,0
10.408792972564697,16.538337159597152,1.7866562597883981,10,0
10.417275667190552,16.553218830380466,1.7844604553792947,10,0
10.425756454467773,16.568069470989414,1.7843349380479547,10,0
10.434283018112183,16.582959687614917,1.786640695756053,10,0
10.442764520645142,16.597807711129086,1.7802479323873601,10,0
10.451278686523438,16.612691657059266,1.78699451775302,10,0
10.459760904312134,16.627562285478536,1.7830741518548696,10,0
10.468292236328125,16.642430610908924,1.7862335947402983,10,0
10.476781368255615,16.657315562413874,1.7851580561133686,10,0
10.485291242599487,16.672170581284107,1.7837118852084684,10,0
10.493774652481079,16.68706174573811,1.786990643159147,10,0
10.502279281616211,16.701909898965546,1.779437453594296,10,0
10.510765790939331,16.716792629259114,1.7870547710372564,10,0
10.519249200820923,16.731676272731374,1.7857190940809058,10,0
10.527729034423828,16.74654212447946,1.7861262322596778,10,0
10.536250352859497,16.76143041506877,1.7857035520005817,10,0
10.544727563858032,16.776293181010697,1.782983447514899,10,0
10.553275108337402,16.79118266398777,1.7869630069632791,10,0
10.561750888824463,16.80602927094193,1.7788311845671356,10,0
10.570273160934448,16.82091061992288,1.787080599238058,10,0
10.578748226165771,16.835785343509322,1.783265864849222,10,0
10.587290525436401,16.85064370696625,1.7854227626068508,10,0
10.59576416015625,16.865532403959538,1.78606463146859,10,0
10.604395389556885,16.887838759190718,1.7860504912958584,10,0
10.61286473274231,16.90272176108654,1.7849325746192892,10,0
10.621397733688354,16.91758432108903,1.7837562198176884,10,0
10.629867553710938,16.932475127366974,1.786917950086511,10,0
10.63835597038269,16.94732347891318,1.7797276841036849,10,0
10.646825075149536,16.96220789537815,1.787230030740016,10,0
10.655311584472656,16.977089926771214,1.7852645651107422,10,0
10.66378378868103,16.991953565054548,1.785835725270872,10,0
10.672250270843506,17.006839453113365,1.7854779905759464,10,0
10.68071961402893,17.021707074267997,1.7833798167485273,10,0
10.689246416091919,17.036599331289146,1.787274613349689,10,0
10.69771432876587,17.051447784914725,1.779004649304076,10,0
10.706250429153442,17.066327802810555,1.7869006505036293,10,0
10.714719295501709,17.08120095960414,1.7830959451827324,10,0
10.723255395889282,17.096059977352528,1.7855047120877048,10,0
10.73172402381897,17.110949178073554,1.7861164197491088,10,0
10.740255117416382,17.125812966439813,1.7823228764947947,10,0
10.748734951019287,17.14070267431198,1.78721703501026,10,0
10.75726866722107,17.155576275665954,1.7845174965173227,10,0
10.76573657989502,17.170452306680446,1.78666739181766,10,0
10.774258613586426,17.185328394696004,1.7835930296928972,10,0
10.782726049423218,17.20018173489404,1.7850355409463792,10,0
10.79121732711792,17.215071445601463,1.7863135709489826,10,0
10.79968547821045,17.229926269840288,1.7816749774992144,10,0
10.808172702789307,17.24481520460823,1.78730924271469,10,0
10.816640615463257,17.25968224268902,1.7825601303529643,10,0
10.821037292480469,17.274555831909925,1.7865581962110988,10,0
10.82946228981018,17.289435760309118,1.7842446764203124,10,0
10.837942838668823,17.304285069305376,1.7847357567426823,10,0
10.846459865570068,17.319177141101797,1.7867981891068951,10,0
10.854941368103027,17.334030575176097,1.7807162667156116,10,0
10.863457441329956,17.348916489338126,1.787150838327854,10,0
10.8719482421875,17.363784520005808,1.782677952887778,10,0
10.880455732345581,17.37865539186044,1.786436110500645,10,0
10.88894772529602,17.393539481506632,1.7849618350880927,10,0
10.897459268569946,17.408397146903457,1.7839564507502046,10,0
10.905942678451538,17.423287865060086,1.7868403476888306,10,0
10.914446592330933,17.43813522669368,1.7796943745602594,10,0
10.922940731048584,17.453017917627076,1.7869757845359864,10,0
10.93140983581543,17.46788867385531,1.782972119697005,10,0
10.939921855926514,17.482754213132402,1.7860184765934606,10,0
10.948388814926147,17.49764021634867,1.7853835204625064,10,0
10.95688271522522,17.512496320632017,1.7833172603667218,10,0
10.965349912643433,17.52738727524761,1.7870893853481287,10,0
10.973840236663818,17.542234019824203,1.7788355974667858,10,0
10.982270002365112,17.5571149228746,1.7869684662054413,10,0
10.990758180618286,17.57199805080936,1.7854432782105918,10,0
10.99922776222229,17.586860283036657,1.7858297097582525,10,0
11.007715463638306,17.601749940941268,1.7860421423305928,10,0
11.016184091567993,17.616609556023292,1.7824738491473584,10,0
11.02467155456543,17.63149850370429,1.7870470317697356,10,0
11.033154964447021,17.646359135311016,1.7818175256850144,10,0
11.041642904281616,17.661238615979308,1.7870022192857349,10,0
11.046037673950195,17.6761158103639,1.7836632989360428,10,0
11.054537534713745,17.69097091469906,1.7851724042423955,10,0
11.063008308410645,17.705860265572053,1.7862412210255594,10,0
11.071535348892212,17.72072105796008,1.7815870632544177,10,0
11.080005407333374,17.735607888627193,1.7870029316441522,10,0
11.088536024093628,17.75047489253007,1.7830070392199335,10,0
11.097039461135864,17.765350207685753,1.7867227016896308,10,0
11.10554051399231,17.780230505216814,1.7842506203903818,10,0
11.114047288894653,17.7950796217526,1.784673719867789,10,0
11.122546911239624,17.809970447814646,1.786644832032951,10,0
11.131016969680786,17.824830545962346,1.7808680941398645,10,0
11.139509677886963,17.839716702980763,1.7871291997497216,10,0
11.14797854423523,17.854595400386163,1.7851295719945925,10,0
11.156493425369263,17.869468450723843,1.7866577709611824,10,0
11.16496229171753,17.88435333712768,1.7850137081899926,10,0
11.17349123954773,17.899215402855585,1.7839714809923592,10,0
11.1819589138031,17.91410510208606,1.7866719243606592,10,0
11.190510988235474,17.92895350140383,1.7802031307237367,10,0
11.198978662490845,17.943839061217723,1.7872608417833602,10,0
11.207503080368042,17.958719428526503,1.7850414744299716,10,0
11.215969800949097,17.973586286221476,1.7861202622835497,10,0
11.224484205245972,17.988472080253338,1.7853704322546133,10,0
11.232953786849976,18.003338519277722,1.7832028629146948,10,0
11.24148416519165,18.018227167089076,1.7867571209220745,10,0
11.249953031539917,18.033073508897317,1.7791777770228552,10,0
11.254354238510132,18.047956025817555,1.7871121053203936,10,0
11.262826442718506,18.06283916169932,1.7854054599460742,10,0
11.271308183670044,18.0777011612189,1.7857567877595075,10,0
11.279779434204102,18.092588491698695,1.7856450590630362,10,0
11.288256168365479,18.10744578990256,1.782614251021653,10,0
11.296735286712646,18.122334887173146,1.7870254646340995,10,0
11.30525517463684,18.137193221446424,1.781367779414628,10,0
11.313723802566528,18.152074567087322,1.787187491875394,10,0
11.322251796722412,18.166952375580536,1.78370296766548,10,0
11.330720901489258,18.18180756681294,1.7851437643075299,10,0
11.339266538619995,18.19669573132316,1.7860663452882555,10,0
11.347736120223999,18.211557751732396,1.7820363340958418,10,0
11.356266021728516,18.226447237497005,1.7872792052418782,10,0
11.364734888076782,18.241315903322523,1.7832150440530308,10,0
11.373280763626099,18.256192092479292,1.7867796976586099,10,0
11.381754398345947,18.271071653074692,1.7841122603211832,10,0
11.390291690826416,18.285919690543096,1.7845021543603092,10,0
11.39875841140747,18.30080798509867,1.7862972962328887,10,0
11.407235622406006,18.31566808442062,1.7811413067388475,10,0
11.415702819824219,18.330555556475513,1.7872483422132939,10,0
11.42419147491455,18.345434604404367,1.7851716074571626,10,0
11.432658910751343,18.36030708567128,1.7865535887427375,10,0
11.441150665283203,18.375190202307625,1.7847648199706678,10,0
11.449627876281738,18.390052281517104,1.784073456681613,10,0
11.458114624023438,18.404941938079443,1.786631165548827,10,0
11.46658182144165,18.41979116298153,1.7805135662502742,10,0
11.475183963775635,18.442121504031256,1.7863434464988088,10,0
11.483654499053955,18.456984550967206,1.7819495373956311,10,0
11.492167949676514,18.47187271329415,1.7870916428187156,10,0
11.500636577606201,18.486746458730618,1.784535544751573,10,0
11.509161233901978,18.501623493624745,1.7868567648143756,10,0
11.517670631408691,18.51650310340744,1.7841004160666123,10,0
11.526195764541626,18.53135402285241,1.7848178481256294,10,0
11.534663438796997,18.546244108493713,1.7864790059546563,10,0
11.54315185546875,18.561104304365205,1.7810182948253617,10,0
11.551630020141602,18.575990090977903,1.7870272619572654,10,0
11.56016206741333,18.590857473380996,1.782899085886581,10,0
11.568639278411865,18.60572994482111,1.7865293297189482,10,0
11.577160596847534,18.620612326506006,1.7846518813610406,10,0
11.585662603378296,18.63546925469006,1.784283597209571,10,0
11.594184398651123,18.650360246614408,1.7867747920107158,10,0
11.602668046951294,18.665208925183986,1.780252707703202,10,0
11.611181497573853,18.680093620379917,1.7871041700953045,10,0
11.619663715362549,18.694972120487193,1.7848338482154698,10,0
11.628177165985107,18.70984187692987,1.7864152057679874,10,0
11.63669228553772,18.724728458599678,1.7853540425550705,10,0
11.645204544067383,18.73959050606537,1.783505164021384,10,0
11.653741836547852,18.754480224003945,1.7868296524558758,10,0
11.66225266456604,18.769327733539658,1.7795185480778353,10,0
11.670734882354736,18.7842115048339,1.7872014585791665,10,0
11.679346323013306,18.80651734015561,1.7813363499270005,10,0
11.68783712387085,18.821405214428626,1.787248505901591,10,0
11.696345329284668,18.836283428856316,1.7850715966567618,10,0
11.704853057861328,18.85115443015418,1.7863307259997505,10,0
11.713324546813965,18.866034545379573,1.7843577553025354,10,0
11.721811771392822,18.880896468340598,1.7843003892796796,10,0
11.730259895324707,18.895787041936437,1.7867024437907828,10,0
11.738745927810669,18.910636237100896,1.7805120178139326,10,0
11.747264862060547,18.925522555583246,1.7872793825002886,10,0
11.755751848220825,18.940402346015542,1.7850238589518856,10,0
11.764262676239014,18.95526987211011,1.7861261987349688,10,0
11.772759675979614,18.97015386536163,1.7850787671939192,10,0
11.781261920928955,18.98502198678999,1.7838981310460633,10,0
11.789759397506714,18.999914401731125,1.7871285605590226,10,0
11.798261404037476,19.014762769353894,1.7794573220320793,10,0
11.80675458908081,19.029645507527817,1.787061683023468,10,0
11.81522512435913,19.04451933430845,1.7834628838194588,10,0
11.823716402053833,19.05938349892722,1.7859271658882943,10,0
11.832226276397705,19.074270755592206,1.7856302846612095,10,0
11.840715885162354,19.089126742029258,1.7830165029723408,10,0
11.849221229553223,19.10401708801267,1.7870918283062989,10,0
11.85770869255066,19.118874926983334,1.7813502541394268,10,0
11.866211175918579,19.133753775606625,1.7868105716998883,10,0
11.874704360961914,19.148626487956808,1.7830093527700293,10,0
11.883220434188843,19.16348459641907,1.785422705435498,10,0
11.891889572143555,19.186076454589294,1.848755014769438,10,0
11.900393962860107,19.201247236034593,1.8087061969343958,10,0
11.908878326416016,19.216276781422707,1.8030142703809229,10,0
11.917379379272461,19.23120446387165,1.7798237840038031,10,0
11.925862312316895,19.246065987037007,1.7838347482212056,10,0
11.934366941452026,19.26089936902863,1.777871909405016,10,0
11.94285273551941,19.275740951254335,1.7829129366995708,10,0
11.95136284828186,19.290601817853208,1.7825072860695537,10,0
11.959847211837769,19.305429302640327,1.7803296073346158,10,0
11.968318462371826,19.320302812865275,1.7853559189575623,10,0
11.976802349090576,19.33514367313812,1.778399130947223,10,0
11.985301971435547,19.35002205472497,1.7875095772912677,10,0
11.993785858154297,19.364910689539432,1.7851612788861095,10,0
12.002303123474121,19.379783665289267,1.787585062294365,10,0
12.010794878005981,19.394695259802916,1.788842558845037,10,0
12.019309997558594,19.4095680397925,1.7851023985967862,10,0
12.027796745300293,19.42448047358949,1.790059203534798,10,0
12.036296606063843,19.43934463928482,1.781028818967344,10,0
12.044776439666748,19.454241504071344,1.788981228272848,10,0
12.053279638290405,19.46913553007116,1.7869542140292693,10,0
12.06175422668457,19.48400946706787,1.7869280122029305,10,0
12.070270776748657,19.49890163108893,1.7860871622320054,10,0
12.07874608039856,19.513774515485363,1.7840451721833113,10,0
12.087249040603638,19.528668191690468,1.7873227151056614,10,0
12.095733165740967,19.543520145399192,1.7798511227919258,10,0
12.10440969467163,19.56585216521326,1.7868267556244883,10,0
12.112879037857056,19.580714709479878,1.7810800310914257,10,0
12.121375799179077,19.595600864163618,1.7871260021276114,10,0
12.129848957061768,19.610469912166163,1.7828254320682437,10,0
12.138333320617676,19.625342385755697,1.7865158595092363,10,0
12.146802425384521,19.64022707817635,1.7850690398882134,10,0
12.15528392791748,19.65508417051258,1.7841771736493566,10,0
12.163754224777222,19.669975769337867,1.786955218678274,10,0
12.172272682189941,19.6848250053432,1.7798451798915047,10,0
12.180745363235474,19.69959405234907,1.761385131466892,10,0
12.189286708831787,19.71404522513199,1.725568645688927,10,0
12.19776463508606,19.728271551762187,1.7017931984295465,10,0
12.206278085708618,19.74239718202616,1.694061804885923,10,0
12.214746475219727,19.756675028034298,1.72041527777415,10,0
12.223241329193115,19.771074937050482,1.7283275677007557,10,0
12.231709957122803,19.78564653137064,1.7695245451609636,10,0
12.240202188491821,19.80055230543682,1.7908947601544032,10,0
12.248725175857544,19.815470845577607,1.7898957983494057,10,0
12.257250547409058,19.830425767285007,1.7942333193571884,10,0
12.26571798324585,19.84536707174295,1.7927929380984982,10,0
12.274240016937256,19.860246348123997,1.7857990576475566,10,0
12.282714605331421,19.875140102820527,1.7859449407274475,10,0
12.291236400604248,19.890001121553603,1.78332841221244,10,0
12.299704313278198,19.904871142470512,1.7843550533825125,10,0
12.308236598968506,19.919691014353585,1.777311366204938,10,0
12.31690001487732,19.941936405793086,1.779621113410117,10,0
12.325418710708618,19.95675148264619,1.7772881790891435,10,0
12.333895206451416,19.971605800320827,1.7833530495500263,10,0
12.342415809631348,19.986437415394555,1.7769152857736878,10,0
12.35088562965393,20.001253413002058,1.7792101543817338,10,0
